{"cameraMode":{"drawMode":0,"name":"Shaded","section":"Shading Mode"},"sceneLighting":true,"audioPlay":false,"sceneViewState":{"m_AlwaysRefresh":false,"showFog":true,"showSkybox":true,"showFlares":true,"showImageEffects":true,"showParticleSystems":true,"showVisualEffectGraphs":true,"m_FxEnabled":true},"in2DMode":false,"pivot":{"x":-36.53450012207031,"y":48.810577392578128,"z":-24.353553771972658},"rotation":{"x":0.14570792019367219,"y":-0.5909174680709839,"z":0.10954894870519638,"w":0.7859444618225098},"size":128.15260314941407,"orthographic":false}