{"cameraMode":{"drawMode":0,"name":"Shaded","section":"Shading Mode"},"sceneLighting":true,"audioPlay":false,"sceneViewState":{"m_AlwaysRefresh":false,"showFog":true,"showSkybox":true,"showFlares":true,"showImageEffects":true,"showParticleSystems":true,"showVisualEffectGraphs":true,"m_FxEnabled":true},"in2DMode":false,"pivot":{"x":-22.049575805664064,"y":-40.736175537109378,"z":48.09008026123047},"rotation":{"x":-0.07600820064544678,"y":-0.9115548133850098,"z":0.19601264595985413,"w":-0.35344254970550539},"size":182.6599578857422,"orthographic":false}